Price,Title,Date
Philips SHP9500 HiFi Precision Stereo Over-Ear Headphones / SHP 9500 Headphone with Mic Pack,"3,699.00",2022-07-12
Philips SHP9500 HiFi Precision Stereo Over-Ear Headphones / SHP 9500 Headphone with Mic Pack,"3,699.00",2022-07-12
Philips SHP9500 HiFi Precision Stereo Over-Ear Headphones / SHP 9500 Headphone with Mic Pack,"3,699.00",2022-07-12
Philips SHP9500 HiFi Precision Stereo Over-Ear Headphones / SHP 9500 Headphone with Mic Pack,"3,699.00",2022-07-12
Philips SHP9500 HiFi Precision Stereo Over-Ear Headphones / SHP 9500 Headphone with Mic Pack,"3,699.00",2022-07-12
Philips SHP9500 HiFi Precision Stereo Over-Ear Headphones / SHP 9500 Headphone with Mic Pack,"3,699.00",2022-07-12
Philips SHP9500 HiFi Precision Stereo Over-Ear Headphones / SHP 9500 Headphone with Mic Pack,"3,699.00",2022-07-12
Philips SHP9500 HiFi Precision Stereo Over-Ear Headphones / SHP 9500 Headphone with Mic Pack,"3,699.00",2022-07-12
Philips SHP9500 HiFi Precision Stereo Over-Ear Headphones / SHP 9500 Headphone with Mic Pack,"3,699.00",2022-07-12
Philips SHP9500 HiFi Precision Stereo Over-Ear Headphones / SHP 9500 Headphone with Mic Pack,"3,699.00",2022-07-12
Philips SHP9500 HiFi Precision Stereo Over-Ear Headphones / SHP 9500 Headphone with Mic Pack,"3,699.00",2022-07-12
Philips SHP9500 HiFi Precision Stereo Over-Ear Headphones / SHP 9500 Headphone with Mic Pack,"3,699.00",2022-07-12
Philips SHP9500 HiFi Precision Stereo Over-Ear Headphones / SHP 9500 Headphone with Mic Pack,"3,699.00",2022-07-12
Philips SHP9500 HiFi Precision Stereo Over-Ear Headphones / SHP 9500 Headphone with Mic Pack,"3,699.00",2022-07-12
Philips SHP9500 HiFi Precision Stereo Over-Ear Headphones / SHP 9500 Headphone with Mic Pack,"3,699.00",2022-07-12
Philips SHP9500 HiFi Precision Stereo Over-Ear Headphones / SHP 9500 Headphone with Mic Pack,"3,699.00",2022-07-12
Philips SHP9500 HiFi Precision Stereo Over-Ear Headphones / SHP 9500 Headphone with Mic Pack,"3,699.00",2022-07-12
Philips SHP9500 HiFi Precision Stereo Over-Ear Headphones / SHP 9500 Headphone with Mic Pack,"3,699.00",2022-07-12
Philips SHP9500 HiFi Precision Stereo Over-Ear Headphones / SHP 9500 Headphone with Mic Pack,"3,699.00",2022-07-12
Philips SHP9500 HiFi Precision Stereo Over-Ear Headphones / SHP 9500 Headphone with Mic Pack,"3,699.00",2022-07-12
Philips SHP9500 HiFi Precision Stereo Over-Ear Headphones / SHP 9500 Headphone with Mic Pack,"3,699.00",2022-07-12
Philips SHP9500 HiFi Precision Stereo Over-Ear Headphones / SHP 9500 Headphone with Mic Pack,"3,699.00",2022-07-12
Philips SHP9500 HiFi Precision Stereo Over-Ear Headphones / SHP 9500 Headphone with Mic Pack,"3,699.00",2022-07-12
Philips SHP9500 HiFi Precision Stereo Over-Ear Headphones / SHP 9500 Headphone with Mic Pack,"3,699.00",2022-07-12
Philips SHP9500 HiFi Precision Stereo Over-Ear Headphones / SHP 9500 Headphone with Mic Pack,"3,699.00",2022-07-12
Philips SHP9500 HiFi Precision Stereo Over-Ear Headphones / SHP 9500 Headphone with Mic Pack,"3,699.00",2022-07-12
Philips SHP9500 HiFi Precision Stereo Over-Ear Headphones / SHP 9500 Headphone with Mic Pack,"3,699.00",2022-07-12
Philips SHP9500 HiFi Precision Stereo Over-Ear Headphones / SHP 9500 Headphone with Mic Pack,"3,699.00",2022-07-12
Philips SHP9500 HiFi Precision Stereo Over-Ear Headphones / SHP 9500 Headphone with Mic Pack,"3,699.00",2022-07-12
Philips SHP9500 HiFi Precision Stereo Over-Ear Headphones / SHP 9500 Headphone with Mic Pack,"3,699.00",2022-07-12
Philips SHP9500 HiFi Precision Stereo Over-Ear Headphones / SHP 9500 Headphone with Mic Pack,"3,699.00",2022-07-12
Philips SHP9500 HiFi Precision Stereo Over-Ear Headphones / SHP 9500 Headphone with Mic Pack,"3,699.00",2022-07-12
Philips SHP9500 HiFi Precision Stereo Over-Ear Headphones / SHP 9500 Headphone with Mic Pack,"3,699.00",2022-07-12
Philips SHP9500 HiFi Precision Stereo Over-Ear Headphones / SHP 9500 Headphone with Mic Pack,"3,699.00",2022-07-12
Philips SHP9500 HiFi Precision Stereo Over-Ear Headphones / SHP 9500 Headphone with Mic Pack,"3,699.00",2022-07-12
Philips SHP9500 HiFi Precision Stereo Over-Ear Headphones / SHP 9500 Headphone with Mic Pack,"3,699.00",2022-07-12
Philips SHP9500 HiFi Precision Stereo Over-Ear Headphones / SHP 9500 Headphone with Mic Pack,"3,699.00",2022-07-12
Philips SHP9500 HiFi Precision Stereo Over-Ear Headphones / SHP 9500 Headphone with Mic Pack,"3,699.00",2022-07-12
Philips SHP9500 HiFi Precision Stereo Over-Ear Headphones / SHP 9500 Headphone with Mic Pack,"3,699.00",2022-07-12
